Category,Region,Year,Value
"Total","Bihor","1990","195"
"Total","Bihor","1991","195"
"Total","Bihor","1992","195"
"Total","Bihor","1993","192"
"Total","Bihor","1994","195"
"Total","Bihor","1995","195"
"Total","Bihor","1996","195"
"Total","Bihor","1997","195"
"Total","Bihor","1998","196"
"Total","Bihor","1999","196"
"Total","Bihor","2000","196"
"Total","Bihor","2001","196"
"Total","Bihor","2002","198"
"Total","Bihor","2003","195"
"Total","Bihor","2004","195"
"Total","Bihor","2005","193"
"Total","Bihor","2006","200"
"Total","Bihor","2007","207"
"Total","Bihor","2008","208"
"Total","Bihor","2009","209"
"Total","Bihor","2010","209"
"Total","Bihor","2011","209"
"Total","Bihor","2012","209"
"Total","Bihor","2013","209"
"Total","Bihor","2014","209"
"Total","Bihor","2015","209"
"Total","Bihor","2016","209"
"Total","Bihor","2017","209"
"Total","Bihor","2018","211"
"Total","Bihor","2019","211"
"Total","Bistrita-Nasaud","1990","190"
"Total","Bistrita-Nasaud","1991","190"
"Total","Bistrita-Nasaud","1992","190"
"Total","Bistrita-Nasaud","1993","190"
"Total","Bistrita-Nasaud","1994","190"
"Total","Bistrita-Nasaud","1995","190"
"Total","Bistrita-Nasaud","1996","189"
"Total","Bistrita-Nasaud","1997","190"
"Total","Bistrita-Nasaud","1998","190"
"Total","Bistrita-Nasaud","1999","190"
"Total","Bistrita-Nasaud","2000","190"
"Total","Bistrita-Nasaud","2001","190"
"Total","Bistrita-Nasaud","2002","201"
"Total","Bistrita-Nasaud","2003","190"
"Total","Bistrita-Nasaud","2004","190"
"Total","Bistrita-Nasaud","2005","193"
"Total","Bistrita-Nasaud","2006","192"
"Total","Bistrita-Nasaud","2007","192"
"Total","Bistrita-Nasaud","2008","191"
"Total","Bistrita-Nasaud","2009","192"
"Total","Bistrita-Nasaud","2010","192"
"Total","Bistrita-Nasaud","2011","192"
"Total","Bistrita-Nasaud","2012","192"
"Total","Bistrita-Nasaud","2013","192"
"Total","Bistrita-Nasaud","2014","192"
"Total","Bistrita-Nasaud","2015","192"
"Total","Bistrita-Nasaud","2016","192"
"Total","Bistrita-Nasaud","2017","192"
"Total","Bistrita-Nasaud","2018","193"
"Total","Bistrita-Nasaud","2019","193"
"Total","Cluj","1990","153"
"Total","Cluj","1991","153"
"Total","Cluj","1992","153"
"Total","Cluj","1993","153"
"Total","Cluj","1994","154"
"Total","Cluj","1995","153"
"Total","Cluj","1996","153"
"Total","Cluj","1997","153"
"Total","Cluj","1998","153"
"Total","Cluj","1999","153"
"Total","Cluj","2000","152"
"Total","Cluj","2001","152"
"Total","Cluj","2002","152"
"Total","Cluj","2003","152"
"Total","Cluj","2004","152"
"Total","Cluj","2005","156"
"Total","Cluj","2006","146"
"Total","Cluj","2007","148"
"Total","Cluj","2008","150"
"Total","Cluj","2009","150"
"Total","Cluj","2010","158"
"Total","Cluj","2011","160"
"Total","Cluj","2012","161"
"Total","Cluj","2013","161"
"Total","Cluj","2014","161"
"Total","Cluj","2015","163"
"Total","Cluj","2016","164"
"Total","Cluj","2017","165"
"Total","Cluj","2018","168"
"Total","Cluj","2019","170"
"Total","Maramures","1990","262"
"Total","Maramures","1991","262"
"Total","Maramures","1992","263"
"Total","Maramures","1993","263"
"Total","Maramures","1994","263"
"Total","Maramures","1995","263"
"Total","Maramures","1996","263"
"Total","Maramures","1997","263"
"Total","Maramures","1998","263"
"Total","Maramures","1999","263"
"Total","Maramures","2000","263"
"Total","Maramures","2001","263"
"Total","Maramures","2002","263"
"Total","Maramures","2003","265"
"Total","Maramures","2004","263"
"Total","Maramures","2005","263"
"Total","Maramures","2006","260"
"Total","Maramures","2007","255"
"Total","Maramures","2008","260"
"Total","Maramures","2009","260"
"Total","Maramures","2010","259"
"Total","Maramures","2011","259"
"Total","Maramures","2012","259"
"Total","Maramures","2013","259"
"Total","Maramures","2014","259"
"Total","Maramures","2015","260"
"Total","Maramures","2016","260"
"Total","Maramures","2017","260"
"Total","Maramures","2018","260"
"Total","Maramures","2019","260"
"Total","Satu Mare","1990","69"
"Total","Satu Mare","1991","69"
"Total","Satu Mare","1992","68"
"Total","Satu Mare","1993","68"
"Total","Satu Mare","1994","68"
"Total","Satu Mare","1995","68"
"Total","Satu Mare","1996","68"
"Total","Satu Mare","1997","68"
"Total","Satu Mare","1998","68"
"Total","Satu Mare","1999","68"
"Total","Satu Mare","2000","68"
"Total","Satu Mare","2001","68"
"Total","Satu Mare","2002","68"
"Total","Satu Mare","2003","68"
"Total","Satu Mare","2004","68"
"Total","Satu Mare","2005","68"
"Total","Satu Mare","2006","70"
"Total","Satu Mare","2007","70"
"Total","Satu Mare","2008","72"
"Total","Satu Mare","2009","73"
"Total","Satu Mare","2010","72"
"Total","Satu Mare","2011","73"
"Total","Satu Mare","2012","73"
"Total","Satu Mare","2013","73"
"Total","Satu Mare","2014","73"
"Total","Satu Mare","2015","73"
"Total","Satu Mare","2016","72"
"Total","Satu Mare","2017","72"
"Total","Satu Mare","2018","73"
"Total","Satu Mare","2019","73"
"Total","Salaj","1990","95"
"Total","Salaj","1991","95"
"Total","Salaj","1992","95"
"Total","Salaj","1993","95"
"Total","Salaj","1994","95"
"Total","Salaj","1995","96"
"Total","Salaj","1996","95"
"Total","Salaj","1997","95"
"Total","Salaj","1998","95"
"Total","Salaj","1999","95"
"Total","Salaj","2000","96"
"Total","Salaj","2001","96"
"Total","Salaj","2002","96"
"Total","Salaj","2003","96"
"Total","Salaj","2004","96"
"Total","Salaj","2005","95"
"Total","Salaj","2006","96"
"Total","Salaj","2007","96"
"Total","Salaj","2008","96"
"Total","Salaj","2009","96"
"Total","Salaj","2010","96"
"Total","Salaj","2011","96"
"Total","Salaj","2012","96"
"Total","Salaj","2013","96"
"Total","Salaj","2014","96"
"Total","Salaj","2015","96"
"Total","Salaj","2016","96"
"Total","Salaj","2017","96"
"Total","Salaj","2018","96"
"Total","Salaj","2019","96"
"Total","Alba","1990","207"
"Total","Alba","1991","207"
"Total","Alba","1992","207"
"Total","Alba","1993","206"
"Total","Alba","1994","207"
"Total","Alba","1995","207"
"Total","Alba","1996","207"
"Total","Alba","1997","207"
"Total","Alba","1998","207"
"Total","Alba","1999","207"
"Total","Alba","2000","207"
"Total","Alba","2001","207"
"Total","Alba","2002","207"
"Total","Alba","2003","206"
"Total","Alba","2004","206"
"Total","Alba","2005","206"
"Total","Alba","2006","206"
"Total","Alba","2007","207"
"Total","Alba","2008","207"
"Total","Alba","2009","206"
"Total","Alba","2010","206"
"Total","Alba","2011","207"
"Total","Alba","2012","206"
"Total","Alba","2013","206"
"Total","Alba","2014","206"
"Total","Alba","2015","204"
"Total","Alba","2016","204"
"Total","Alba","2017","204"
"Total","Alba","2018","207"
"Total","Alba","2019","207"
"Total","Brasov","1990","190"
"Total","Brasov","1991","190"
"Total","Brasov","1992","190"
"Total","Brasov","1993","190"
"Total","Brasov","1994","190"
"Total","Brasov","1995","190"
"Total","Brasov","1996","190"
"Total","Brasov","1997","190"
"Total","Brasov","1998","190"
"Total","Brasov","1999","190"
"Total","Brasov","2000","190"
"Total","Brasov","2001","190"
"Total","Brasov","2002","191"
"Total","Brasov","2003","190"
"Total","Brasov","2004","190"
"Total","Brasov","2005","190"
"Total","Brasov","2006","198"
"Total","Brasov","2007","203"
"Total","Brasov","2008","203"
"Total","Brasov","2009","204"
"Total","Brasov","2010","204"
"Total","Brasov","2011","204"
"Total","Brasov","2012","205"
"Total","Brasov","2013","205"
"Total","Brasov","2014","205"
"Total","Brasov","2015","205"
"Total","Brasov","2016","205"
"Total","Brasov","2017","205"
"Total","Brasov","2018","205"
"Total","Brasov","2019","205"
"Total","Covasna","1990","162"
"Total","Covasna","1991","162"
"Total","Covasna","1992","162"
"Total","Covasna","1993","162"
"Total","Covasna","1994","162"
"Total","Covasna","1995","162"
"Total","Covasna","1996","162"
"Total","Covasna","1997","162"
"Total","Covasna","1998","162"
"Total","Covasna","1999","162"
"Total","Covasna","2000","162"
"Total","Covasna","2001","162"
"Total","Covasna","2002","161"
"Total","Covasna","2003","162"
"Total","Covasna","2004","161"
"Total","Covasna","2005","161"
"Total","Covasna","2006","162"
"Total","Covasna","2007","175"
"Total","Covasna","2008","163"
"Total","Covasna","2009","169"
"Total","Covasna","2010","167"
"Total","Covasna","2011","170"
"Total","Covasna","2012","170"
"Total","Covasna","2013","171"
"Total","Covasna","2014","171"
"Total","Covasna","2015","171"
"Total","Covasna","2016","172"
"Total","Covasna","2017","171"
"Total","Covasna","2018","171"
"Total","Covasna","2019","171"
"Total","Harghita","1990","231"
"Total","Harghita","1991","231"
"Total","Harghita","1992","231"
"Total","Harghita","1993","231"
"Total","Harghita","1994","231"
"Total","Harghita","1995","231"
"Total","Harghita","1996","231"
"Total","Harghita","1997","231"
"Total","Harghita","1998","232"
"Total","Harghita","1999","232"
"Total","Harghita","2000","231"
"Total","Harghita","2001","231"
"Total","Harghita","2002","227"
"Total","Harghita","2003","231"
"Total","Harghita","2004","235"
"Total","Harghita","2005","237"
"Total","Harghita","2006","265"
"Total","Harghita","2007","273"
"Total","Harghita","2008","265"
"Total","Harghita","2009","264"
"Total","Harghita","2010","262"
"Total","Harghita","2011","262"
"Total","Harghita","2012","262"
"Total","Harghita","2013","264"
"Total","Harghita","2014","264"
"Total","Harghita","2015","264"
"Total","Harghita","2016","264"
"Total","Harghita","2017","264"
"Total","Harghita","2018","264"
"Total","Harghita","2019","264"
"Total","Mures","1990","208"
"Total","Mures","1991","208"
"Total","Mures","1992","208"
"Total","Mures","1993","208"
"Total","Mures","1994","208"
"Total","Mures","1995","208"
"Total","Mures","1996","208"
"Total","Mures","1997","208"
"Total","Mures","1998","208"
"Total","Mures","1999","208"
"Total","Mures","2000","208"
"Total","Mures","2001","208"
"Total","Mures","2002","208"
"Total","Mures","2003","208"
"Total","Mures","2004","208"
"Total","Mures","2005","208"
"Total","Mures","2006","208"
"Total","Mures","2007","208"
"Total","Mures","2008","225"
"Total","Mures","2009","219"
"Total","Mures","2010","220"
"Total","Mures","2011","220"
"Total","Mures","2012","220"
"Total","Mures","2013","220"
"Total","Mures","2014","220"
"Total","Mures","2015","220"
"Total","Mures","2016","220"
"Total","Mures","2017","220"
"Total","Mures","2018","220"
"Total","Mures","2019","221"
"Total","Sibiu","1990","186"
"Total","Sibiu","1991","186"
"Total","Sibiu","1992","187"
"Total","Sibiu","1993","187"
"Total","Sibiu","1994","187"
"Total","Sibiu","1995","186"
"Total","Sibiu","1996","186"
"Total","Sibiu","1997","186"
"Total","Sibiu","1998","186"
"Total","Sibiu","1999","186"
"Total","Sibiu","2000","186"
"Total","Sibiu","2001","186"
"Total","Sibiu","2002","187"
"Total","Sibiu","2003","187"
"Total","Sibiu","2004","186"
"Total","Sibiu","2005","187"
"Total","Sibiu","2006","186"
"Total","Sibiu","2007","198"
"Total","Sibiu","2008","190"
"Total","Sibiu","2009","194"
"Total","Sibiu","2010","196"
"Total","Sibiu","2011","196"
"Total","Sibiu","2012","197"
"Total","Sibiu","2013","198"
"Total","Sibiu","2014","198"
"Total","Sibiu","2015","199"
"Total","Sibiu","2016","199"
"Total","Sibiu","2017","200"
"Total","Sibiu","2018","202"
"Total","Sibiu","2019","202"
"Total","Bacau","1990","267"
"Total","Bacau","1991","266"
"Total","Bacau","1992","284"
"Total","Bacau","1993","267"
"Total","Bacau","1994","267"
"Total","Bacau","1995","267"
"Total","Bacau","1996","266"
"Total","Bacau","1997","267"
"Total","Bacau","1998","267"
"Total","Bacau","1999","267"
"Total","Bacau","2000","267"
"Total","Bacau","2001","267"
"Total","Bacau","2002","267"
"Total","Bacau","2003","270"
"Total","Bacau","2004","272"
"Total","Bacau","2005","271"
"Total","Bacau","2006","268"
"Total","Bacau","2007","269"
"Total","Bacau","2008","269"
"Total","Bacau","2009","269"
"Total","Bacau","2010","270"
"Total","Bacau","2011","270"
"Total","Bacau","2012","270"
"Total","Bacau","2013","270"
"Total","Bacau","2014","270"
"Total","Bacau","2015","270"
"Total","Bacau","2016","270"
"Total","Bacau","2017","270"
"Total","Bacau","2018","272"
"Total","Bacau","2019","272"
"Total","Botosani","1990","56"
"Total","Botosani","1991","56"
"Total","Botosani","1992","56"
"Total","Botosani","1993","56"
"Total","Botosani","1994","56"
"Total","Botosani","1995","56"
"Total","Botosani","1996","56"
"Total","Botosani","1997","56"
"Total","Botosani","1998","56"
"Total","Botosani","1999","56"
"Total","Botosani","2000","56"
"Total","Botosani","2001","56"
"Total","Botosani","2002","56"
"Total","Botosani","2003","56"
"Total","Botosani","2004","56"
"Total","Botosani","2005","56"
"Total","Botosani","2006","56"
"Total","Botosani","2007","56"
"Total","Botosani","2008","56"
"Total","Botosani","2009","56"
"Total","Botosani","2010","56"
"Total","Botosani","2011","56"
"Total","Botosani","2012","56"
"Total","Botosani","2013","56"
"Total","Botosani","2014","57"
"Total","Botosani","2015","57"
"Total","Botosani","2016","57"
"Total","Botosani","2017","57"
"Total","Botosani","2018","57"
"Total","Botosani","2019","57"
"Total","Iasi","1990","97"
"Total","Iasi","1991","97"
"Total","Iasi","1992","97"
"Total","Iasi","1993","97"
"Total","Iasi","1994","97"
"Total","Iasi","1995","97"
"Total","Iasi","1996","97"
"Total","Iasi","1997","97"
"Total","Iasi","1998","97"
"Total","Iasi","1999","97"
"Total","Iasi","2000","97"
"Total","Iasi","2001","97"
"Total","Iasi","2002","97"
"Total","Iasi","2003","97"
"Total","Iasi","2004","98"
"Total","Iasi","2005","98"
"Total","Iasi","2006","98"
"Total","Iasi","2007","97"
"Total","Iasi","2008","98"
"Total","Iasi","2009","98"
"Total","Iasi","2010","98"
"Total","Iasi","2011","98"
"Total","Iasi","2012","98"
"Total","Iasi","2013","98"
"Total","Iasi","2014","98"
"Total","Iasi","2015","98"
"Total","Iasi","2016","98"
"Total","Iasi","2017","98"
"Total","Iasi","2018","98"
"Total","Iasi","2019","98"
"Total","Neamt","1990","260"
"Total","Neamt","1991","261"
"Total","Neamt","1992","243"
"Total","Neamt","1993","260"
"Total","Neamt","1994","260"
"Total","Neamt","1995","260"
"Total","Neamt","1996","260"
"Total","Neamt","1997","260"
"Total","Neamt","1998","260"
"Total","Neamt","1999","260"
"Total","Neamt","2000","260"
"Total","Neamt","2001","260"
"Total","Neamt","2002","260"
"Total","Neamt","2003","259"
"Total","Neamt","2004","259"
"Total","Neamt","2005","261"
"Total","Neamt","2006","258"
"Total","Neamt","2007","258"
"Total","Neamt","2008","259"
"Total","Neamt","2009","259"
"Total","Neamt","2010","259"
"Total","Neamt","2011","259"
"Total","Neamt","2012","259"
"Total","Neamt","2013","259"
"Total","Neamt","2014","260"
"Total","Neamt","2015","262"
"Total","Neamt","2016","262"
"Total","Neamt","2017","262"
"Total","Neamt","2018","262"
"Total","Neamt","2019","262"
"Total","Suceava","1990","436"
"Total","Suceava","1991","436"
"Total","Suceava","1992","436"
"Total","Suceava","1993","436"
"Total","Suceava","1994","436"
"Total","Suceava","1995","435"
"Total","Suceava","1996","435"
"Total","Suceava","1997","435"
"Total","Suceava","1998","435"
"Total","Suceava","1999","435"
"Total","Suceava","2000","435"
"Total","Suceava","2001","435"
"Total","Suceava","2002","435"
"Total","Suceava","2003","435"
"Total","Suceava","2004","435"
"Total","Suceava","2005","435"
"Total","Suceava","2006","435"
"Total","Suceava","2007","435"
"Total","Suceava","2008","435"
"Total","Suceava","2009","435"
"Total","Suceava","2010","435"
"Total","Suceava","2011","436"
"Total","Suceava","2012","436"
"Total","Suceava","2013","437"
"Total","Suceava","2014","437"
"Total","Suceava","2015","438"
"Total","Suceava","2016","438"
"Total","Suceava","2017","438"
"Total","Suceava","2018","438"
"Total","Suceava","2019","438"
"Total","Vaslui","1990","70"
"Total","Vaslui","1991","70"
"Total","Vaslui","1992","70"
"Total","Vaslui","1993","70"
"Total","Vaslui","1994","70"
"Total","Vaslui","1995","70"
"Total","Vaslui","1996","70"
"Total","Vaslui","1997","70"
"Total","Vaslui","1998","71"
"Total","Vaslui","1999","70"
"Total","Vaslui","2000","70"
"Total","Vaslui","2001","71"
"Total","Vaslui","2002","70"
"Total","Vaslui","2003","71"
"Total","Vaslui","2004","72"
"Total","Vaslui","2005","72"
"Total","Vaslui","2006","74"
"Total","Vaslui","2007","72"
"Total","Vaslui","2008","64"
"Total","Vaslui","2009","72"
"Total","Vaslui","2010","72"
"Total","Vaslui","2011","73"
"Total","Vaslui","2012","72"
"Total","Vaslui","2013","72"
"Total","Vaslui","2014","72"
"Total","Vaslui","2015","72"
"Total","Vaslui","2016","73"
"Total","Vaslui","2017","73"
"Total","Vaslui","2018","73"
"Total","Vaslui","2019","73"
"Total","Braila","1990","24"
"Total","Braila","1991","24"
"Total","Braila","1992","24"
"Total","Braila","1993","24"
"Total","Braila","1994","26"
"Total","Braila","1995","26"
"Total","Braila","1996","26"
"Total","Braila","1997","26"
"Total","Braila","1998","26"
"Total","Braila","1999","26"
"Total","Braila","2000","26"
"Total","Braila","2001","26"
"Total","Braila","2002","26"
"Total","Braila","2003","26"
"Total","Braila","2004","27"
"Total","Braila","2005","27"
"Total","Braila","2006","27"
"Total","Braila","2007","27"
"Total","Braila","2008","25"
"Total","Braila","2009","27"
"Total","Braila","2010","27"
"Total","Braila","2011","27"
"Total","Braila","2012","28"
"Total","Braila","2013","28"
"Total","Braila","2014","28"
"Total","Braila","2015","28"
"Total","Braila","2016","28"
"Total","Braila","2017","28"
"Total","Braila","2018","28"
"Total","Braila","2019","28"
"Total","Buzau","1990","158"
"Total","Buzau","1991","158"
"Total","Buzau","1992","158"
"Total","Buzau","1993","159"
"Total","Buzau","1994","160"
"Total","Buzau","1995","159"
"Total","Buzau","1996","158"
"Total","Buzau","1997","158"
"Total","Buzau","1998","158"
"Total","Buzau","1999","158"
"Total","Buzau","2000","158"
"Total","Buzau","2001","158"
"Total","Buzau","2002","158"
"Total","Buzau","2003","158"
"Total","Buzau","2004","158"
"Total","Buzau","2005","158"
"Total","Buzau","2006","152"
"Total","Buzau","2007","160"
"Total","Buzau","2008","160"
"Total","Buzau","2009","158"
"Total","Buzau","2010","158"
"Total","Buzau","2011","160"
"Total","Buzau","2012","161"
"Total","Buzau","2013","160"
"Total","Buzau","2014","160"
"Total","Buzau","2015","160"
"Total","Buzau","2016","160"
"Total","Buzau","2017","160"
"Total","Buzau","2018","161"
"Total","Buzau","2019","161"
"Total","Constanta","1990","38"
"Total","Constanta","1991","36"
"Total","Constanta","1992","36"
"Total","Constanta","1993","36"
"Total","Constanta","1994","36"
"Total","Constanta","1995","36"
"Total","Constanta","1996","36"
"Total","Constanta","1997","36"
"Total","Constanta","1998","35"
"Total","Constanta","1999","35"
"Total","Constanta","2000","35"
"Total","Constanta","2001","35"
"Total","Constanta","2002","35"
"Total","Constanta","2003","35"
"Total","Constanta","2004","40"
"Total","Constanta","2005","40"
"Total","Constanta","2006","39"
"Total","Constanta","2007","39"
"Total","Constanta","2008","39"
"Total","Constanta","2009","39"
"Total","Constanta","2010","39"
"Total","Constanta","2011","39"
"Total","Constanta","2012","39"
"Total","Constanta","2013","39"
"Total","Constanta","2014","39"
"Total","Constanta","2015","39"
"Total","Constanta","2016","39"
"Total","Constanta","2017","39"
"Total","Constanta","2018","39"
"Total","Constanta","2019","40"
"Total","Galati","1990","36"
"Total","Galati","1991","36"
"Total","Galati","1992","36"
"Total","Galati","1993","36"
"Total","Galati","1994","37"
"Total","Galati","1995","36"
"Total","Galati","1996","36"
"Total","Galati","1997","36"
"Total","Galati","1998","36"
"Total","Galati","1999","36"
"Total","Galati","2000","36"
"Total","Galati","2001","36"
"Total","Galati","2002","36"
"Total","Galati","2003","36"
"Total","Galati","2004","37"
"Total","Galati","2005","37"
"Total","Galati","2006","36"
"Total","Galati","2007","37"
"Total","Galati","2008","38"
"Total","Galati","2009","38"
"Total","Galati","2010","38"
"Total","Galati","2011","38"
"Total","Galati","2012","38"
"Total","Galati","2013","37"
"Total","Galati","2014","37"
"Total","Galati","2015","37"
"Total","Galati","2016","37"
"Total","Galati","2017","37"
"Total","Galati","2018","37"
"Total","Galati","2019","37"
"Total","Tulcea","1990","102"
"Total","Tulcea","1991","102"
"Total","Tulcea","1992","102"
"Total","Tulcea","1993","102"
"Total","Tulcea","1994","102"
"Total","Tulcea","1995","102"
"Total","Tulcea","1996","102"
"Total","Tulcea","1997","102"
"Total","Tulcea","1998","102"
"Total","Tulcea","1999","102"
"Total","Tulcea","2000","102"
"Total","Tulcea","2001","102"
"Total","Tulcea","2002","103"
"Total","Tulcea","2003","103"
"Total","Tulcea","2004","103"
"Total","Tulcea","2005","104"
"Total","Tulcea","2006","104"
"Total","Tulcea","2007","104"
"Total","Tulcea","2008","104"
"Total","Tulcea","2009","104"
"Total","Tulcea","2010","105"
"Total","Tulcea","2011","105"
"Total","Tulcea","2012","105"
"Total","Tulcea","2013","105"
"Total","Tulcea","2014","105"
"Total","Tulcea","2015","105"
"Total","Tulcea","2016","105"
"Total","Tulcea","2017","105"
"Total","Tulcea","2018","105"
"Total","Tulcea","2019","105"
"Total","Vrancea","1990","183"
"Total","Vrancea","1991","183"
"Total","Vrancea","1992","183"
"Total","Vrancea","1993","183"
"Total","Vrancea","1994","183"
"Total","Vrancea","1995","186"
"Total","Vrancea","1996","184"
"Total","Vrancea","1997","184"
"Total","Vrancea","1998","184"
"Total","Vrancea","1999","184"
"Total","Vrancea","2000","184"
"Total","Vrancea","2001","184"
"Total","Vrancea","2002","192"
"Total","Vrancea","2003","184"
"Total","Vrancea","2004","186"
"Total","Vrancea","2005","184"
"Total","Vrancea","2006","184"
"Total","Vrancea","2007","185"
"Total","Vrancea","2008","182"
"Total","Vrancea","2009","185"
"Total","Vrancea","2010","185"
"Total","Vrancea","2011","181"
"Total","Vrancea","2012","182"
"Total","Vrancea","2013","179"
"Total","Vrancea","2014","179"
"Total","Vrancea","2015","181"
"Total","Vrancea","2016","181"
"Total","Vrancea","2017","181"
"Total","Vrancea","2018","181"
"Total","Vrancea","2019","183"
"Total","Arges","1990","278"
"Total","Arges","1991","278"
"Total","Arges","1992","278"
"Total","Arges","1993","278"
"Total","Arges","1994","279"
"Total","Arges","1995","280"
"Total","Arges","1996","280"
"Total","Arges","1997","280"
"Total","Arges","1998","280"
"Total","Arges","1999","280"
"Total","Arges","2000","279"
"Total","Arges","2001","279"
"Total","Arges","2002","279"
"Total","Arges","2003","277"
"Total","Arges","2004","277"
"Total","Arges","2005","277"
"Total","Arges","2006","277"
"Total","Arges","2007","278"
"Total","Arges","2008","277"
"Total","Arges","2009","277"
"Total","Arges","2010","277"
"Total","Arges","2011","277"
"Total","Arges","2012","277"
"Total","Arges","2013","277"
"Total","Arges","2014","277"
"Total","Arges","2015","277"
"Total","Arges","2016","277"
"Total","Arges","2017","277"
"Total","Arges","2018","277"
"Total","Arges","2019","277"
"Total","Calarasi","1990","21"
"Total","Calarasi","1991","21"
"Total","Calarasi","1992","21"
"Total","Calarasi","1993","21"
"Total","Calarasi","1994","21"
"Total","Calarasi","1995","21"
"Total","Calarasi","1996","21"
"Total","Calarasi","1997","21"
"Total","Calarasi","1998","21"
"Total","Calarasi","1999","21"
"Total","Calarasi","2000","21"
"Total","Calarasi","2001","21"
"Total","Calarasi","2002","21"
"Total","Calarasi","2003","21"
"Total","Calarasi","2004","21"
"Total","Calarasi","2005","21"
"Total","Calarasi","2006","22"
"Total","Calarasi","2007","22"
"Total","Calarasi","2008","22"
"Total","Calarasi","2009","22"
"Total","Calarasi","2010","22"
"Total","Calarasi","2011","22"
"Total","Calarasi","2012","22"
"Total","Calarasi","2013","22"
"Total","Calarasi","2014","22"
"Total","Calarasi","2015","22"
"Total","Calarasi","2016","22"
"Total","Calarasi","2017","22"
"Total","Calarasi","2018","22"
"Total","Calarasi","2019","22"
"Total","Dambovita","1990","119"
"Total","Dambovita","1991","119"
"Total","Dambovita","1992","119"
"Total","Dambovita","1993","119"
"Total","Dambovita","1994","119"
"Total","Dambovita","1995","119"
"Total","Dambovita","1996","119"
"Total","Dambovita","1997","119"
"Total","Dambovita","1998","118"
"Total","Dambovita","1999","119"
"Total","Dambovita","2000","118"
"Total","Dambovita","2001","118"
"Total","Dambovita","2002","118"
"Total","Dambovita","2003","118"
"Total","Dambovita","2004","119"
"Total","Dambovita","2005","118"
"Total","Dambovita","2006","119"
"Total","Dambovita","2007","118"
"Total","Dambovita","2008","119"
"Total","Dambovita","2009","118"
"Total","Dambovita","2010","119"
"Total","Dambovita","2011","120"
"Total","Dambovita","2012","119"
"Total","Dambovita","2013","119"
"Total","Dambovita","2014","119"
"Total","Dambovita","2015","119"
"Total","Dambovita","2016","119"
"Total","Dambovita","2017","119"
"Total","Dambovita","2018","119"
"Total","Dambovita","2019","119"
"Total","Giurgiu","1990","40"
"Total","Giurgiu","1991","46"
"Total","Giurgiu","1992","40"
"Total","Giurgiu","1993","40"
"Total","Giurgiu","1994","38"
"Total","Giurgiu","1995","38"
"Total","Giurgiu","1996","38"
"Total","Giurgiu","1997","38"
"Total","Giurgiu","1998","38"
"Total","Giurgiu","1999","38"
"Total","Giurgiu","2000","38"
"Total","Giurgiu","2001","38"
"Total","Giurgiu","2002","38"
"Total","Giurgiu","2003","38"
"Total","Giurgiu","2004","38"
"Total","Giurgiu","2005","38"
"Total","Giurgiu","2006","38"
"Total","Giurgiu","2007","38"
"Total","Giurgiu","2008","38"
"Total","Giurgiu","2009","39"
"Total","Giurgiu","2010","38"
"Total","Giurgiu","2011","38"
"Total","Giurgiu","2012","39"
"Total","Giurgiu","2013","39"
"Total","Giurgiu","2014","39"
"Total","Giurgiu","2015","39"
"Total","Giurgiu","2016","39"
"Total","Giurgiu","2017","39"
"Total","Giurgiu","2018","39"
"Total","Giurgiu","2019","39"
"Total","Ialomita","1990","26"
"Total","Ialomita","1991","26"
"Total","Ialomita","1992","26"
"Total","Ialomita","1993","26"
"Total","Ialomita","1994","26"
"Total","Ialomita","1995","26"
"Total","Ialomita","1996","26"
"Total","Ialomita","1997","26"
"Total","Ialomita","1998","26"
"Total","Ialomita","1999","26"
"Total","Ialomita","2000","26"
"Total","Ialomita","2001","26"
"Total","Ialomita","2002","26"
"Total","Ialomita","2003","26"
"Total","Ialomita","2004","26"
"Total","Ialomita","2005","26"
"Total","Ialomita","2006","26"
"Total","Ialomita","2007","26"
"Total","Ialomita","2008","26"
"Total","Ialomita","2009","26"
"Total","Ialomita","2010","26"
"Total","Ialomita","2011","26"
"Total","Ialomita","2012","26"
"Total","Ialomita","2013","26"
"Total","Ialomita","2014","26"
"Total","Ialomita","2015","26"
"Total","Ialomita","2016","26"
"Total","Ialomita","2017","26"
"Total","Ialomita","2018","26"
"Total","Ialomita","2019","26"
"Total","Prahova","1990","149"
"Total","Prahova","1991","149"
"Total","Prahova","1992","149"
"Total","Prahova","1993","149"
"Total","Prahova","1994","148"
"Total","Prahova","1995","148"
"Total","Prahova","1996","148"
"Total","Prahova","1997","148"
"Total","Prahova","1998","148"
"Total","Prahova","1999","148"
"Total","Prahova","2000","148"
"Total","Prahova","2001","148"
"Total","Prahova","2002","148"
"Total","Prahova","2003","146"
"Total","Prahova","2004","146"
"Total","Prahova","2005","148"
"Total","Prahova","2006","147"
"Total","Prahova","2007","146"
"Total","Prahova","2008","147"
"Total","Prahova","2009","146"
"Total","Prahova","2010","147"
"Total","Prahova","2011","147"
"Total","Prahova","2012","146"
"Total","Prahova","2013","146"
"Total","Prahova","2014","146"
"Total","Prahova","2015","146"
"Total","Prahova","2016","147"
"Total","Prahova","2017","146"
"Total","Prahova","2018","146"
"Total","Prahova","2019","146"
"Total","Teleorman","1990","28"
"Total","Teleorman","1991","28"
"Total","Teleorman","1992","28"
"Total","Teleorman","1993","28"
"Total","Teleorman","1994","29"
"Total","Teleorman","1995","29"
"Total","Teleorman","1996","29"
"Total","Teleorman","1997","29"
"Total","Teleorman","1998","29"
"Total","Teleorman","1999","29"
"Total","Teleorman","2000","29"
"Total","Teleorman","2001","29"
"Total","Teleorman","2002","29"
"Total","Teleorman","2003","29"
"Total","Teleorman","2004","29"
"Total","Teleorman","2005","29"
"Total","Teleorman","2006","30"
"Total","Teleorman","2007","29"
"Total","Teleorman","2008","29"
"Total","Teleorman","2009","29"
"Total","Teleorman","2010","30"
"Total","Teleorman","2011","29"
"Total","Teleorman","2012","29"
"Total","Teleorman","2013","29"
"Total","Teleorman","2014","29"
"Total","Teleorman","2015","29"
"Total","Teleorman","2016","29"
"Total","Teleorman","2017","29"
"Total","Teleorman","2018","29"
"Total","Teleorman","2019","29"
"Total","Ilfov","1990","26"
"Total","Ilfov","1991","20"
"Total","Ilfov","1992","26"
"Total","Ilfov","1993","26"
"Total","Ilfov","1994","26"
"Total","Ilfov","1995","26"
"Total","Ilfov","1996","26"
"Total","Ilfov","1997","26"
"Total","Ilfov","1998","26"
"Total","Ilfov","1999","26"
"Total","Ilfov","2000","26"
"Total","Ilfov","2001","26"
"Total","Ilfov","2002","26"
"Total","Ilfov","2003","26"
"Total","Ilfov","2004","26"
"Total","Ilfov","2005","26"
"Total","Ilfov","2006","26"
"Total","Ilfov","2007","26"
"Total","Ilfov","2008","26"
"Total","Ilfov","2009","26"
"Total","Ilfov","2010","26"
"Total","Ilfov","2011","26"
"Total","Ilfov","2012","26"
"Total","Ilfov","2013","26"
"Total","Ilfov","2014","26"
"Total","Ilfov","2015","26"
"Total","Ilfov","2016","26"
"Total","Ilfov","2017","26"
"Total","Ilfov","2018","26"
"Total","Ilfov","2019","26"
"Total","Bucuresti","2001","1"
"Total","Bucuresti","2002","1"
"Total","Bucuresti","2003","1"
"Total","Bucuresti","2004","1"
"Total","Bucuresti","2005","1"
"Total","Bucuresti","2006","1"
"Total","Bucuresti","2007","1"
"Total","Bucuresti","2008","1"
"Total","Bucuresti","2009","1"
"Total","Bucuresti","2010","1"
"Total","Bucuresti","2011","1"
"Total","Bucuresti","2012","1"
"Total","Bucuresti","2013","1"
"Total","Bucuresti","2014","1"
"Total","Bucuresti","2015","1"
"Total","Bucuresti","2016","1"
"Total","Bucuresti","2017","1"
"Total","Bucuresti","2018","1"
"Total","Bucuresti","2019","1"
"Total","Dolj","1990","82"
"Total","Dolj","1991","82"
"Total","Dolj","1992","82"
"Total","Dolj","1993","82"
"Total","Dolj","1994","82"
"Total","Dolj","1995","82"
"Total","Dolj","1996","82"
"Total","Dolj","1997","82"
"Total","Dolj","1998","83"
"Total","Dolj","1999","84"
"Total","Dolj","2000","84"
"Total","Dolj","2001","84"
"Total","Dolj","2002","86"
"Total","Dolj","2003","86"
"Total","Dolj","2004","86"
"Total","Dolj","2005","86"
"Total","Dolj","2006","86"
"Total","Dolj","2007","86"
"Total","Dolj","2008","86"
"Total","Dolj","2009","86"
"Total","Dolj","2010","86"
"Total","Dolj","2011","87"
"Total","Dolj","2012","87"
"Total","Dolj","2013","89"
"Total","Dolj","2014","89"
"Total","Dolj","2015","89"
"Total","Dolj","2016","89"
"Total","Dolj","2017","88"
"Total","Dolj","2018","88"
"Total","Dolj","2019","88"
"Total","Gorj","1990","254"
"Total","Gorj","1991","253"
"Total","Gorj","1992","254"
"Total","Gorj","1993","255"
"Total","Gorj","1994","255"
"Total","Gorj","1995","249"
"Total","Gorj","1996","249"
"Total","Gorj","1997","249"
"Total","Gorj","1998","249"
"Total","Gorj","1999","249"
"Total","Gorj","2000","249"
"Total","Gorj","2001","249"
"Total","Gorj","2002","248"
"Total","Gorj","2003","248"
"Total","Gorj","2004","248"
"Total","Gorj","2005","247"
"Total","Gorj","2006","248"
"Total","Gorj","2007","250"
"Total","Gorj","2008","248"
"Total","Gorj","2009","248"
"Total","Gorj","2010","248"
"Total","Gorj","2011","248"
"Total","Gorj","2012","248"
"Total","Gorj","2013","248"
"Total","Gorj","2014","248"
"Total","Gorj","2015","249"
"Total","Gorj","2016","249"
"Total","Gorj","2017","250"
"Total","Gorj","2018","250"
"Total","Gorj","2019","250"
"Total","Mehedinti","1990","146"
"Total","Mehedinti","1991","146"
"Total","Mehedinti","1992","146"
"Total","Mehedinti","1993","146"
"Total","Mehedinti","1994","146"
"Total","Mehedinti","1995","146"
"Total","Mehedinti","1996","146"
"Total","Mehedinti","1997","146"
"Total","Mehedinti","1998","146"
"Total","Mehedinti","1999","146"
"Total","Mehedinti","2000","146"
"Total","Mehedinti","2001","146"
"Total","Mehedinti","2002","146"
"Total","Mehedinti","2003","146"
"Total","Mehedinti","2004","147"
"Total","Mehedinti","2005","147"
"Total","Mehedinti","2006","147"
"Total","Mehedinti","2007","148"
"Total","Mehedinti","2008","148"
"Total","Mehedinti","2009","148"
"Total","Mehedinti","2010","148"
"Total","Mehedinti","2011","148"
"Total","Mehedinti","2012","148"
"Total","Mehedinti","2013","148"
"Total","Mehedinti","2014","148"
"Total","Mehedinti","2015","149"
"Total","Mehedinti","2016","149"
"Total","Mehedinti","2017","150"
"Total","Mehedinti","2018","150"
"Total","Mehedinti","2019","149"
"Total","Olt","1990","53"
"Total","Olt","1991","53"
"Total","Olt","1992","53"
"Total","Olt","1993","53"
"Total","Olt","1994","52"
"Total","Olt","1995","52"
"Total","Olt","1996","52"
"Total","Olt","1997","52"
"Total","Olt","1998","52"
"Total","Olt","1999","52"
"Total","Olt","2000","52"
"Total","Olt","2001","52"
"Total","Olt","2002","53"
"Total","Olt","2003","53"
"Total","Olt","2004","53"
"Total","Olt","2005","53"
"Total","Olt","2006","53"
"Total","Olt","2007","54"
"Total","Olt","2008","54"
"Total","Olt","2009","54"
"Total","Olt","2010","54"
"Total","Olt","2011","54"
"Total","Olt","2012","54"
"Total","Olt","2013","54"
"Total","Olt","2014","54"
"Total","Olt","2015","54"
"Total","Olt","2016","54"
"Total","Olt","2017","54"
"Total","Olt","2018","54"
"Total","Olt","2019","54"
"Total","Valcea","1990","272"
"Total","Valcea","1991","272"
"Total","Valcea","1992","271"
"Total","Valcea","1993","271"
"Total","Valcea","1994","272"
"Total","Valcea","1995","270"
"Total","Valcea","1996","270"
"Total","Valcea","1997","271"
"Total","Valcea","1998","271"
"Total","Valcea","1999","271"
"Total","Valcea","2000","271"
"Total","Valcea","2001","271"
"Total","Valcea","2002","271"
"Total","Valcea","2003","269"
"Total","Valcea","2004","270"
"Total","Valcea","2005","269"
"Total","Valcea","2006","267"
"Total","Valcea","2007","267"
"Total","Valcea","2008","267"
"Total","Valcea","2009","270"
"Total","Valcea","2010","270"
"Total","Valcea","2011","270"
"Total","Valcea","2012","271"
"Total","Valcea","2013","271"
"Total","Valcea","2014","271"
"Total","Valcea","2015","271"
"Total","Valcea","2016","271"
"Total","Valcea","2017","272"
"Total","Valcea","2018","272"
"Total","Valcea","2019","272"
"Total","Arad","1990","203"
"Total","Arad","1991","203"
"Total","Arad","1992","203"
"Total","Arad","1993","207"
"Total","Arad","1994","204"
"Total","Arad","1995","203"
"Total","Arad","1996","204"
"Total","Arad","1997","204"
"Total","Arad","1998","204"
"Total","Arad","1999","204"
"Total","Arad","2000","203"
"Total","Arad","2001","204"
"Total","Arad","2002","204"
"Total","Arad","2003","202"
"Total","Arad","2004","202"
"Total","Arad","2005","201"
"Total","Arad","2006","201"
"Total","Arad","2007","204"
"Total","Arad","2008","205"
"Total","Arad","2009","208"
"Total","Arad","2010","210"
"Total","Arad","2011","212"
"Total","Arad","2012","212"
"Total","Arad","2013","212"
"Total","Arad","2014","212"
"Total","Arad","2015","212"
"Total","Arad","2016","212"
"Total","Arad","2017","212"
"Total","Arad","2018","212"
"Total","Arad","2019","212"
"Total","Caras-Severin","1990","391"
"Total","Caras-Severin","1991","391"
"Total","Caras-Severin","1992","391"
"Total","Caras-Severin","1993","391"
"Total","Caras-Severin","1994","390"
"Total","Caras-Severin","1995","391"
"Total","Caras-Severin","1996","391"
"Total","Caras-Severin","1997","390"
"Total","Caras-Severin","1998","389"
"Total","Caras-Severin","1999","389"
"Total","Caras-Severin","2000","389"
"Total","Caras-Severin","2001","389"
"Total","Caras-Severin","2002","389"
"Total","Caras-Severin","2003","389"
"Total","Caras-Severin","2004","389"
"Total","Caras-Severin","2005","389"
"Total","Caras-Severin","2006","403"
"Total","Caras-Severin","2007","404"
"Total","Caras-Severin","2008","403"
"Total","Caras-Severin","2009","403"
"Total","Caras-Severin","2010","410"
"Total","Caras-Severin","2011","410"
"Total","Caras-Severin","2012","411"
"Total","Caras-Severin","2013","416"
"Total","Caras-Severin","2014","416"
"Total","Caras-Severin","2015","420"
"Total","Caras-Severin","2016","421"
"Total","Caras-Severin","2017","421"
"Total","Caras-Severin","2018","428"
"Total","Caras-Severin","2019","431"
"Total","Hunedoara","1990","305"
"Total","Hunedoara","1991","305"
"Total","Hunedoara","1992","305"
"Total","Hunedoara","1993","303"
"Total","Hunedoara","1994","303"
"Total","Hunedoara","1995","309"
"Total","Hunedoara","1996","309"
"Total","Hunedoara","1997","309"
"Total","Hunedoara","1998","309"
"Total","Hunedoara","1999","309"
"Total","Hunedoara","2000","309"
"Total","Hunedoara","2001","309"
"Total","Hunedoara","2002","310"
"Total","Hunedoara","2003","310"
"Total","Hunedoara","2004","310"
"Total","Hunedoara","2005","310"
"Total","Hunedoara","2006","311"
"Total","Hunedoara","2007","311"
"Total","Hunedoara","2008","311"
"Total","Hunedoara","2009","312"
"Total","Hunedoara","2010","313"
"Total","Hunedoara","2011","314"
"Total","Hunedoara","2012","314"
"Total","Hunedoara","2013","315"
"Total","Hunedoara","2014","317"
"Total","Hunedoara","2015","317"
"Total","Hunedoara","2016","317"
"Total","Hunedoara","2017","318"
"Total","Hunedoara","2018","318"
"Total","Hunedoara","2019","318"
"Total","Timis","1990","101"
"Total","Timis","1991","101"
"Total","Timis","1992","101"
"Total","Timis","1993","101"
"Total","Timis","1994","101"
"Total","Timis","1995","101"
"Total","Timis","1996","101"
"Total","Timis","1997","101"
"Total","Timis","1998","101"
"Total","Timis","1999","101"
"Total","Timis","2000","102"
"Total","Timis","2001","102"
"Total","Timis","2002","102"
"Total","Timis","2003","103"
"Total","Timis","2004","103"
"Total","Timis","2005","103"
"Total","Timis","2006","103"
"Total","Timis","2007","104"
"Total","Timis","2008","105"
"Total","Timis","2009","104"
"Total","Timis","2010","105"
"Total","Timis","2011","105"
"Total","Timis","2012","105"
"Total","Timis","2013","105"
"Total","Timis","2014","105"
"Total","Timis","2015","105"
"Total","Timis","2016","105"
"Total","Timis","2017","106"
"Total","Timis","2018","106"
"Total","Timis","2019","107"
